{
  "Version": "2012-10-17",
  "Statement": [
    {
      "Sid": "AllowAllEC2InstanceActions",
      "Effect": "Allow",
      "Action": [
        "ec2:RunInstances",
        "ec2:CreateFleet",
        "ec2:CreateLaunchTemplate",
        "ec2:TerminateInstances",
        "ec2:DeleteLaunchTemplate",
        "ec2:CreateTags"
      ],
      "Resource": "*"
    },
    {
      "Sid": "AllowAllEC2DescribeActions",
      "Effect": "Allow",
      "Action": [
        "ec2:DescribeCapacityReservations",
        "ec2:DescribeImages",
        "ec2:DescribeInstances",
        "ec2:DescribeInstanceTypeOfferings",
        "ec2:DescribeInstanceTypes",
        "ec2:DescribeLaunchTemplates",
        "ec2:DescribeSecurityGroups",
        "ec2:DescribeSpotPriceHistory",
        "ec2:DescribeSubnets"
      ],
      "Resource": "*"
    },
    {
      "Sid": "AllowSSMParameterRead",
      "Effect": "Allow",
      "Action": "ssm:GetParameter",
      "Resource": "*"
    },
    {
      "Sid": "AllowPricingAccess",
      "Effect": "Allow",
      "Action": "pricing:GetProducts",
      "Resource": "*"
    },
    {
      "Sid": "AllowInterruptionQueueAccess",
      "Effect": "Allow",
      "Action": [
        "sqs:DeleteMessage",
        "sqs:GetQueueUrl",
        "sqs:ReceiveMessage"
      ],
      "Resource": "*"
    },
    {
      "Sid": "AllowIAMPassRole",
      "Effect": "Allow",
      "Action": "iam:PassRole",
      "Resource": "*"
    },
    {
      "Sid": "AllowInstanceProfileManagement",
      "Effect": "Allow",
      "Action": [
        "iam:CreateInstanceProfile",
        "iam:TagInstanceProfile",
        "iam:AddRoleToInstanceProfile",
        "iam:RemoveRoleFromInstanceProfile",
        "iam:DeleteInstanceProfile",
        "iam:GetInstanceProfile"
      ],
      "Resource": "*"
    },
    {
      "Sid": "AllowEKSDescribeCluster",
      "Effect": "Allow",
      "Action": "eks:DescribeCluster",
      "Resource": "*"
    }
  ]
}
